iter	Accuracy	MultiClass
0	0.6485	1.068713301
1	0.667625	1.040834103
2	0.6770625	1.014178361
3	0.680125	0.9901692591
4	0.6805	0.9689431269
5	0.68175	0.9489321261
6	0.68525	0.9303046595
7	0.6860625	0.9131423295
8	0.687	0.8983724512
9	0.6876875	0.8841004106
10	0.6888125	0.8704275703
11	0.6905	0.8574002444
12	0.6908125	0.8450275508
13	0.6920625	0.833944137
14	0.6909375	0.8238115463
15	0.6920625	0.8142609928
16	0.69475	0.8050019085
17	0.695875	0.7962002168
18	0.6955	0.7883136179
19	0.695875	0.7807330109
20	0.696125	0.7738528072
21	0.6955	0.7674619763
22	0.695375	0.7614791807
23	0.696125	0.7556028295
24	0.696375	0.7499543892
25	0.6971875	0.7450025764
26	0.69825	0.7394911113
27	0.6986875	0.7348465438
28	0.6985625	0.7304772879
29	0.698875	0.7263179751
30	0.6986875	0.7226330877
31	0.6988125	0.718839209
32	0.69925	0.7152006189
33	0.700125	0.7117466059
34	0.7	0.7084290268
35	0.700375	0.7049053468
36	0.700125	0.7017982688
37	0.700875	0.6990231506
38	0.70125	0.6962056018
39	0.700875	0.6940409957
40	0.7014375	0.6917696048
41	0.7018125	0.6893440782
42	0.70225	0.6870446335
43	0.7025	0.6848728596
44	0.7016875	0.6828386635
45	0.7019375	0.6811869961
46	0.7025625	0.6792532245
47	0.702125	0.6771450291
48	0.702625	0.6756205485
49	0.703	0.6737672233
50	0.7030625	0.6725861638
51	0.7031875	0.6709216297
52	0.703125	0.6692895809
53	0.703125	0.6679045128
54	0.703875	0.6666046416
55	0.7033125	0.6657557144
56	0.704125	0.6646272079
57	0.704625	0.6632663096
58	0.7048125	0.6620009622
59	0.7051875	0.6609089954
60	0.7041875	0.6598011396
61	0.7041875	0.6587068274
62	0.7043125	0.6582425476
63	0.7041875	0.6575009568
64	0.7045625	0.65660186
65	0.7045625	0.6558658343
66	0.70475	0.6549956782
67	0.7048125	0.6542715705
68	0.7055	0.6535287713
69	0.7050625	0.6526782044
70	0.705125	0.6519035814
71	0.70575	0.6510663222
72	0.70575	0.6502564941
73	0.705375	0.6497342678
74	0.7055	0.6488568994
75	0.705375	0.6484813704
76	0.7055625	0.648005499
77	0.7061875	0.6474526517
78	0.7064375	0.6470426149
79	0.7061875	0.6466036667
80	0.706125	0.6461711201
81	0.7064375	0.6458952489
82	0.7061875	0.6454048227
83	0.70625	0.6446844719
84	0.7063125	0.6442157889
85	0.706	0.64369344
86	0.70625	0.6433704018
87	0.706375	0.643360521
88	0.706625	0.6430248614
89	0.7063125	0.6424919401
90	0.7060625	0.6421271668
91	0.7061875	0.6414648879
92	0.7065	0.641079027
93	0.706375	0.6405761672
94	0.7069375	0.6401692183
95	0.706875	0.6398709902
96	0.70675	0.6393736812
97	0.7064375	0.6393001975
98	0.7066875	0.6390987302
99	0.70675	0.6386772527
100	0.70675	0.6382605245
101	0.7070625	0.6381398582
102	0.7066875	0.6378746235
103	0.7075	0.637317736
104	0.7068125	0.6370761221
105	0.7071875	0.6366384312
106	0.707125	0.6363689062
107	0.7071875	0.6358374558
108	0.707375	0.6353866743
109	0.7074375	0.6351325617
110	0.7073125	0.6349922398
111	0.707125	0.6348464813
112	0.7071875	0.6346627248
113	0.7075625	0.6342550071
114	0.707875	0.6341043558
115	0.707875	0.6334711428
116	0.7079375	0.6331217049
117	0.7080625	0.6328695557
118	0.7081875	0.6326064714
119	0.708625	0.6322999061
120	0.7088125	0.6320193389
121	0.7088125	0.63175866
122	0.7085	0.631686137
123	0.7088125	0.6312346904
124	0.7091875	0.6310610644
125	0.7090625	0.6305425071
126	0.709	0.6304434604
127	0.708875	0.6302370591
128	0.70925	0.6300113801
129	0.70925	0.6298091242
130	0.7095625	0.6296302936
131	0.709625	0.6292237361
132	0.7095625	0.6290238123
133	0.7105625	0.6287877986
134	0.7105	0.6283854776
135	0.7105625	0.6280871777
136	0.7105	0.6278680511
137	0.7105	0.6278546902
138	0.7109375	0.6275423311
139	0.71125	0.627182022
140	0.7115625	0.6267636098
141	0.7114375	0.6265752513
142	0.7115625	0.6263942752
143	0.7115625	0.6262034701
144	0.711625	0.6259530953
145	0.711625	0.6258075356
146	0.7116875	0.6256356167
147	0.7120625	0.6253213712
148	0.71175	0.6250998601
149	0.71175	0.6247298956
150	0.71175	0.6244624463
151	0.712	0.6243920055
152	0.712125	0.6242169117
153	0.712125	0.6240397353
154	0.7121875	0.624039388
155	0.712	0.6239293875
156	0.7118125	0.6237917651
157	0.7118125	0.6237886216
158	0.711625	0.6237554553
159	0.712	0.6234910522
160	0.7119375	0.6233181137
161	0.7120625	0.6232401387
162	0.7123125	0.6229422757
163	0.7125	0.6227368442
164	0.71275	0.6226715373
165	0.7126875	0.6223110314
166	0.7130625	0.6220770712
167	0.713	0.6217995468
168	0.71325	0.6215813439
169	0.7131875	0.6215623814
170	0.7135	0.6210780853
171	0.714	0.6207352749
172	0.71425	0.6205980471
173	0.7146875	0.6204311388
174	0.7145625	0.6201044766
175	0.7145	0.6200378194
176	0.7145	0.6200374878
177	0.7146875	0.6199272691
178	0.714625	0.6197590357
179	0.714875	0.6194764661
180	0.7146875	0.6192810792
181	0.7153125	0.6188728691
182	0.7155625	0.6186178708
183	0.715375	0.6185355686
184	0.715125	0.6182203322
185	0.7155	0.618099176
186	0.715625	0.6178536861
187	0.715875	0.6177366753
188	0.7156875	0.6176411976
189	0.71575	0.6174844019
190	0.7156875	0.6173700737
191	0.716	0.6170672847
192	0.7158125	0.6168382327
193	0.71575	0.6165691416
194	0.715625	0.6164526573
195	0.716	0.6161781915
196	0.7160625	0.615966743
197	0.7165	0.6155365875
198	0.7165	0.6154133422
199	0.71675	0.6150123919
200	0.7165625	0.6148088277
201	0.716375	0.6146376071
202	0.7171875	0.6143453955
203	0.717125	0.6142735908
204	0.7171875	0.6140405202
205	0.7173125	0.6139004386
206	0.717625	0.6136176457
207	0.718	0.613183971
208	0.7180625	0.6130684686
209	0.718	0.6127474603
210	0.7181875	0.6126594238
211	0.71825	0.6125344749
212	0.718125	0.612218577
213	0.718375	0.6120810988
214	0.718375	0.6118465878
215	0.7184375	0.6117284678
216	0.7185625	0.6115986083
217	0.7183125	0.6114510492
218	0.71875	0.611163056
219	0.719125	0.6107674569
220	0.7193125	0.6106667398
221	0.7194375	0.6104756849
222	0.7198125	0.6102737274
223	0.719875	0.6100497207
224	0.7200625	0.6099809997
225	0.720125	0.60984899
226	0.7200625	0.6095904426
227	0.72	0.6094368831
228	0.72025	0.6092189947
229	0.7208125	0.6089604652
230	0.7209375	0.6086636405
231	0.72075	0.6084161375
232	0.7208125	0.6081917962
233	0.7205	0.6080246266
234	0.7206875	0.6079180322
235	0.720875	0.6077748859
236	0.72125	0.6074220498
237	0.7214375	0.6072721001
238	0.72175	0.6070088042
239	0.7218125	0.6068018876
240	0.721875	0.6065646495
241	0.721875	0.6064715674
242	0.721875	0.6063962226
243	0.72175	0.606148171
244	0.7219375	0.6059564005
245	0.721875	0.6058402431
246	0.7219375	0.6056987084
247	0.722	0.6053998451
248	0.72225	0.6050419672
249	0.7223125	0.6049295839
250	0.7225625	0.6045993604
251	0.7225	0.60444201
252	0.722625	0.6042197427
253	0.7226875	0.6040265029
254	0.72275	0.603903774
255	0.722625	0.6037449085
256	0.7230625	0.6035728926
257	0.72325	0.6035049868
258	0.7235	0.603328649
259	0.723625	0.6030718386
260	0.7234375	0.602960904
261	0.7235	0.602655983
262	0.72325	0.602531621
263	0.7235	0.6023931369
264	0.7234375	0.6019595385
265	0.7235	0.60188149
266	0.724375	0.6016706117
267	0.724375	0.6015172623
268	0.72425	0.6012666687
269	0.7243125	0.6010420664
270	0.7245	0.6009008443
271	0.7241875	0.6006871609
272	0.7248125	0.6004410289
273	0.724875	0.6001921391
274	0.7245625	0.5999665674
275	0.724625	0.5997082331
276	0.7249375	0.5993643308
277	0.7249375	0.599209657
278	0.725125	0.5990436507
279	0.7256875	0.5988591652
280	0.725625	0.5986420226
281	0.7261875	0.5983506632
282	0.725875	0.5981550315
283	0.726625	0.5979299589
284	0.72675	0.5975190961
285	0.7269375	0.597404967
286	0.727125	0.5971904067
287	0.7275	0.596994929
288	0.7275	0.5967199506
289	0.727625	0.5965196953
290	0.7271875	0.5962265423
291	0.7275	0.5958069468
292	0.72725	0.5955231608
293	0.7274375	0.5954358546
294	0.727625	0.595206121
295	0.72775	0.5948560166
296	0.7280625	0.5945792684
297	0.7281875	0.5942180568
298	0.7285	0.5939089299
299	0.7288125	0.5935929131
300	0.729	0.5933549154
301	0.729125	0.5931371631
302	0.7290625	0.5930753069
303	0.7294375	0.5928464329
304	0.7294375	0.5926991061
305	0.7291875	0.5925660895
306	0.729125	0.5923919582
307	0.729375	0.5921938439
308	0.7294375	0.5921530094
309	0.7296875	0.5917978542
310	0.729875	0.5913776924
311	0.7299375	0.5910963889
312	0.7298125	0.5908923152
313	0.7299375	0.5905607615
314	0.730375	0.5901609798
315	0.730375	0.5900311404
316	0.73075	0.5897921569
317	0.730625	0.5894882784
318	0.730875	0.5893807317
319	0.731	0.589276684
320	0.73125	0.5889954802
321	0.7316875	0.5887360859
322	0.7324375	0.5884544823
323	0.7324375	0.5881058514
324	0.7326875	0.587848439
325	0.73275	0.5877039977
326	0.73275	0.5875304051
327	0.7330625	0.5873192775
328	0.73325	0.5871747761
329	0.7331875	0.5870508719
330	0.7336875	0.5868129455
331	0.733875	0.5866285397
332	0.733875	0.5862057614
333	0.7340625	0.5859134501
334	0.734	0.5858036563
335	0.734	0.5856694086
336	0.7338125	0.5854181371
337	0.73425	0.5851044153
338	0.73425	0.5849658783
339	0.7346875	0.5848545227
340	0.735125	0.5844980877
341	0.73475	0.5844215879
342	0.734875	0.5842505091
343	0.7348125	0.5839596196
344	0.7348125	0.5838527352
345	0.735125	0.5836051154
346	0.735125	0.5833787545
347	0.7351875	0.5833038528
348	0.735375	0.5831352896
349	0.735625	0.582913905
350	0.7356875	0.5827379106
351	0.7354375	0.5825781469
352	0.7355625	0.5823606788
353	0.7354375	0.5821634728
354	0.7359375	0.5819268992
355	0.735875	0.5817855863
356	0.7365	0.5815557917
357	0.7363125	0.5812436994
358	0.7363125	0.581130234
359	0.736375	0.5807519862
360	0.7364375	0.5806443799
361	0.7364375	0.5804521406
362	0.7366875	0.5803156631
363	0.736875	0.5799233755
364	0.7375	0.5795274036
365	0.7376875	0.5791430459
366	0.7375	0.5790333904
367	0.7379375	0.5788408332
368	0.738125	0.5787234399
369	0.7384375	0.5784547216
370	0.7385625	0.5782715527
371	0.7386875	0.5782176259
372	0.7385	0.5780802766
373	0.7389375	0.577790555
374	0.7389375	0.5775198386
375	0.7389375	0.5773004537
376	0.738875	0.5771561756
377	0.7391875	0.5768232864
378	0.739375	0.5766030176
379	0.7395	0.576237075
380	0.7395625	0.5759592072
381	0.7399375	0.5758028644
382	0.7399375	0.5756919123
383	0.7400625	0.5755774868
384	0.740375	0.5754405472
385	0.7404375	0.5750522471
386	0.7405625	0.5749342054
387	0.74075	0.574506923
388	0.7408125	0.574241465
389	0.7409375	0.5738759132
390	0.7408125	0.5737703341
391	0.7411875	0.5734017716
392	0.7414375	0.5732156323
393	0.741875	0.5731454266
394	0.7415625	0.5729141473
395	0.742375	0.5725714324
396	0.74275	0.5722628859
397	0.74275	0.5721508763
398	0.742875	0.5718724381
399	0.7430625	0.5714221232
400	0.7433125	0.5711570329
401	0.7431875	0.5709076876
402	0.74325	0.5706897825
403	0.74325	0.5704965779
404	0.744125	0.5701796476
405	0.7439375	0.5700149647
406	0.7438125	0.5699437067
407	0.7436875	0.5696199845
408	0.7441875	0.569389036
409	0.7444375	0.5693412189
410	0.7444375	0.5690343172
411	0.7445	0.5688295147
412	0.7445625	0.5686073951
413	0.74425	0.5683166444
414	0.744125	0.5680546496
415	0.7444375	0.5679699721
416	0.744625	0.5676877584
417	0.745	0.5674800955
418	0.74525	0.5673160784
419	0.7454375	0.5670299024
420	0.7455	0.566778253
421	0.745625	0.5664238865
422	0.74575	0.5660714741
423	0.746	0.565931401
424	0.7463125	0.5656465341
425	0.7463125	0.5655393982
426	0.7469375	0.5653140746
427	0.747125	0.5650986699
428	0.746875	0.5649075815
429	0.747	0.5646960619
430	0.7470625	0.5644785559
431	0.747375	0.5641440336
432	0.7475625	0.5639696672
433	0.7475625	0.5637281413
434	0.7478125	0.5635592328
435	0.7481875	0.5633649836
436	0.748125	0.563025309
437	0.7479375	0.5627637894
438	0.7481875	0.5625000024
439	0.7483125	0.5623531319
440	0.7483125	0.5622121877
441	0.7486875	0.5617860833
442	0.7486875	0.5615056776
443	0.74875	0.5612687171
444	0.7488125	0.5610715075
445	0.74875	0.560661733
446	0.748625	0.5605614109
447	0.7488125	0.5603251952
448	0.7488125	0.5598933948
449	0.7495	0.5595867912
450	0.7496875	0.5593951898
451	0.750125	0.5591132869
452	0.7504375	0.5587874749
453	0.7504375	0.558694021
454	0.7505	0.5584779875
455	0.7505625	0.558368748
456	0.7509375	0.5580557679
457	0.75075	0.5579609375
458	0.7508125	0.5577552322
459	0.7510625	0.5574689842
460	0.75125	0.5573561297
461	0.75125	0.5570098664
462	0.7511875	0.5567391781
463	0.751375	0.5564083834
464	0.7515	0.5560944875
465	0.7515625	0.5559158911
466	0.7515625	0.5557605538
467	0.7523125	0.5553750996
468	0.7524375	0.5551335005
469	0.752625	0.5550413612
470	0.7525625	0.5547236087
471	0.7521875	0.554568975
472	0.7523125	0.5544307455
473	0.753125	0.5541684442
474	0.7530625	0.5539088605
475	0.7531875	0.5535766249
476	0.7539375	0.5531452945
477	0.7540625	0.5528747886
478	0.754	0.5526800044
479	0.7540625	0.5525007175
480	0.7538125	0.5523307458
481	0.754125	0.5522198029
482	0.754	0.5520250409
483	0.754125	0.5517331314
484	0.7545	0.5514858338
485	0.7551875	0.5510974751
486	0.75525	0.5508581173
487	0.7554375	0.5505565921
488	0.755625	0.5503192647
489	0.7555	0.5502165108
490	0.7556875	0.5498903136
491	0.7556875	0.5496476523
492	0.7559375	0.5493998797
493	0.755875	0.5492490327
494	0.756	0.5490784206
495	0.755875	0.5489674319
496	0.7558125	0.5488446471
497	0.7563125	0.5486676315
498	0.756875	0.5483488506
499	0.7568125	0.5482588556
500	0.756875	0.5480922876
501	0.75675	0.5479289125
502	0.756875	0.5478084784
503	0.757125	0.5475854697
504	0.75675	0.5473502197
505	0.7573125	0.5472001602
506	0.757125	0.5470791716
507	0.757625	0.546719284
508	0.7579375	0.5463273322
509	0.7580625	0.5460855038
510	0.75825	0.5457763446
511	0.758125	0.5455790136
512	0.758125	0.5455073811
513	0.7585	0.5453089537
514	0.7585	0.545017229
515	0.7588125	0.5448899414
516	0.759625	0.5444996106
517	0.759625	0.5441561044
518	0.759875	0.5440059094
519	0.7596875	0.5437867213
520	0.7598125	0.5436136142
521	0.7596875	0.5434625364
522	0.759625	0.543230195
523	0.759875	0.543015511
524	0.7598125	0.5428479936
525	0.760375	0.5426536456
526	0.7605625	0.5425844142
527	0.7605625	0.5423094903
528	0.7605625	0.5421455005
529	0.7606875	0.5418364038
530	0.7606875	0.5415225565
531	0.7606875	0.5413958541
532	0.7608125	0.5410434852
533	0.761	0.5408121206
534	0.7614375	0.5406278151
535	0.761375	0.5403904708
536	0.761625	0.5402141711
537	0.7618125	0.5399876587
538	0.7618125	0.5398636302
539	0.7625	0.5396040889
540	0.7625	0.5393592986
541	0.7623125	0.5391345371
542	0.7625	0.5389350665
543	0.763	0.5386884651
544	0.7631875	0.5385612216
545	0.7635	0.5383320569
546	0.7631875	0.5382541644
547	0.7633125	0.5381511236
548	0.7635625	0.5379453522
549	0.763625	0.537721467
550	0.7640625	0.5375031808
551	0.7636875	0.5372859216
552	0.7638125	0.5372092604
553	0.76375	0.5370238583
554	0.7636875	0.5367720898
555	0.764	0.5365732285
556	0.7639375	0.5364077461
557	0.764125	0.5362891966
558	0.7645	0.5360909374
559	0.7644375	0.5358251227
560	0.764875	0.5355190153
561	0.764875	0.5354453717
562	0.7649375	0.5351741442
563	0.76525	0.5350064249
564	0.765375	0.534695986
565	0.766	0.5345152906
566	0.7665	0.5342862234
567	0.7664375	0.5339992461
568	0.7661875	0.5339039561
569	0.766625	0.5336413444
570	0.7668125	0.5333337237
571	0.767125	0.5330707147
572	0.767125	0.5329108054
573	0.767125	0.5327035178
574	0.7674375	0.5322852288
575	0.767625	0.53213782
576	0.7675625	0.5319678592
577	0.767875	0.5317412541
578	0.7683125	0.5315717278
579	0.7683125	0.5313348912
580	0.7684375	0.5310636992
581	0.768875	0.5307831799
582	0.768875	0.5305793342
583	0.769375	0.5302411726
584	0.7694375	0.5301322881
585	0.769375	0.5299307685
586	0.7693125	0.5296761369
587	0.7701875	0.5294278147
588	0.7698125	0.5292211021
589	0.77025	0.5289815363
590	0.77025	0.5287045776
591	0.770375	0.5284896315
592	0.77075	0.5283713209
593	0.770625	0.5282075513
594	0.771375	0.5279659249
595	0.7713125	0.5277531417
596	0.7708125	0.5274164765
597	0.771	0.52716862
598	0.771	0.5269260715
599	0.7713125	0.5266571534
600	0.7718125	0.5264515061
601	0.772125	0.5261524436
602	0.772125	0.5259180149
603	0.7724375	0.5256223853
604	0.772625	0.5253207868
605	0.77275	0.5249909553
606	0.7728125	0.5248684655
607	0.7729375	0.5246941271
608	0.773125	0.5246428053
609	0.7729375	0.524533516
610	0.773	0.5242179147
611	0.7736875	0.523871398
612	0.7741875	0.5236518883
613	0.7741875	0.5234983954
614	0.774125	0.5234071143
615	0.7743125	0.5231157098
616	0.7740625	0.5227789191
617	0.7740625	0.5225579826
618	0.774375	0.5222927943
619	0.77475	0.5219937741
620	0.7753125	0.5217717013
621	0.7755	0.5215985114
622	0.7756875	0.5214013211
623	0.7756875	0.5212631398
624	0.7759375	0.5211528698
625	0.7756875	0.5207855015
626	0.776125	0.5205375933
627	0.7763125	0.5202584015
628	0.7766875	0.5200655307
629	0.777	0.5198541121
630	0.776875	0.519697426
631	0.7768125	0.5194766759
632	0.7773125	0.5192419816
633	0.7773125	0.518953494
634	0.7773125	0.5187410043
635	0.77725	0.5185897906
636	0.7774375	0.5184910192
637	0.7776875	0.5182896126
638	0.777375	0.5179976412
639	0.777875	0.5177599476
640	0.7779375	0.5176108711
641	0.778	0.5175766867
642	0.7780625	0.517400007
643	0.7780625	0.5172392824
644	0.7784375	0.5169308089
645	0.7784375	0.5165827437
646	0.7785	0.5163544678
647	0.77875	0.5161231517
648	0.77875	0.5159547277
649	0.7788125	0.5156868689
650	0.778875	0.5155536696
651	0.7791875	0.5154162056
652	0.77925	0.5150947734
653	0.779375	0.5149245465
654	0.779625	0.5146323507
655	0.77975	0.5144755051
656	0.77975	0.5141865078
657	0.7799375	0.5139580955
658	0.780125	0.513763796
659	0.7800625	0.5134115977
660	0.78	0.5133372195
661	0.78025	0.5132183865
662	0.7804375	0.5130492482
663	0.7804375	0.512771306
664	0.7803125	0.5124436463
665	0.7810625	0.5122388228
666	0.78125	0.5119370996
667	0.7814375	0.5118475462
668	0.7815	0.5116021748
669	0.78175	0.5113263819
670	0.7823125	0.5110988504
671	0.7823125	0.5110788926
672	0.7824375	0.5108925845
673	0.7825625	0.5106705691
674	0.782625	0.5104395354
675	0.7829375	0.5101215808
676	0.7834375	0.509779068
677	0.7830625	0.5095268283
678	0.7834375	0.5093580578
679	0.783625	0.5091817258
680	0.7838125	0.509072823
681	0.7839375	0.5089997597
682	0.7839375	0.5087445905
683	0.7835625	0.5086389332
684	0.7838125	0.5084041794
685	0.78375	0.5081588021
686	0.784	0.5080328372
687	0.7839375	0.5078238774
688	0.784375	0.5075309139
689	0.7845625	0.5073558433
690	0.7843125	0.5072201449
691	0.784625	0.5071044427
692	0.7849375	0.506842847
693	0.785125	0.5066669374
694	0.7856875	0.5062913685
695	0.785625	0.50604256
696	0.7856875	0.5058094353
697	0.7860625	0.5055940569
698	0.78625	0.5053548503
699	0.7863125	0.505031215
